Statement 1
UPDATE salesman SET grade=200 WHERE salesman_city='Rome'
ORA-00942: table or view does not exist
Statement 2
CREATE TABLE salesman ( 
    salesman_id int, 
    salesman_name varchar2(32), 
    salesman_city varchar2(32), 
    commission int 
)
Table created.
Statement 3
DESCRIBE salesman
TABLE SALESMAN
Column	Null?	Type
SALESMAN_ID	-	NUMBER
SALESMAN_NAME	-	VARCHAR2(32)
SALESMAN_CITY	-	VARCHAR2(32)
COMMISSION	-	NUMBER
Download CSV
4 rows selected.
Statement 4
INSERT INTO salesman VALUES(5002, 'Nail Knite', 'Paris', 13)
1 row(s) inserted.
Statement 5
INSERT ALL 
    INTO salesman VALUES(5005, 'Pit Alex', 'London', 11) 
    INTO salesman VALUES(5006, 'McLyon', 'Paris', 14) 
    INTO salesman VALUES(5007, 'Paul Adam', 'Rome', 13) 
    INTO salesman VALUES(5003, 'Lauson Hen', 'San Jose', 12) 
SELECT 1 FROM DUAL
4 row(s) inserted.
Statement 6
SELECT * FROM salesman
SALESMAN_ID	SALESMAN_NAME	SALESMAN_CITY	COMMISSION
5002	Nail Knite	Paris	13
5005	Pit Alex	London	11
5006	McLyon	Paris	14
5007	Paul Adam	Rome	13
5003	Lauson Hen	San Jose	12
Download CSV
5 rows selected.
Statement 7
SELECT salesman_id, salesman_city FROM salesman
SALESMAN_ID	SALESMAN_CITY
5002	Paris
5005	London
5006	Paris
5007	Rome
5003	San Jose
Download CSV
5 rows selected.
Statement 8
SELECT * FROM salesman WHERE salesman_city='Paris'
SALESMAN_ID	SALESMAN_NAME	SALESMAN_CITY	COMMISSION
5002	Nail Knite	Paris	13
5006	McLyon	Paris	14
Download CSV
2 rows selected.
Statement 9
SELECT salesman_id, commission FROM salesman WHERE salesman_name='Paul Adam'
SALESMAN_ID	COMMISSION
5007	13
Download CSV
Statement 10
ALTER TABLE salesman ADD grade int
Table altered.
Statement 11
UPDATE salesman SET grade=100
5 row(s) updated.
Statement 12
SELECT * FROM salesman
SALESMAN_ID	SALESMAN_NAME	SALESMAN_CITY	COMMISSION	GRADE
5002	Nail Knite	Paris	13	100
5005	Pit Alex	London	11	100
5006	McLyon	Paris	14	100
5007	Paul Adam	Rome	13	100
5003	Lauson Hen	San Jose	12	100
Download CSV
5 rows selected.
Statement 13
UPDATE salesman SET grade=200 WHERE salesman_city='Rome'
1 row(s) updated.
Statement 14
CREATE TABLE salesman (  
    salesman_id int,  
    salesman_name varchar2(32),  
    salesman_city varchar2(32),  
    commission int  
)
ORA-00955: name is already used by an existing object
Statement 15
select * from salesman
SALESMAN_ID	SALESMAN_NAME	SALESMAN_CITY	COMMISSION	GRADE
5002	Nail Knite	Paris	13	100
5005	Pit Alex	London	11	100
5006	McLyon	Paris	14	100
5007	Paul Adam	Rome	13	200
5003	Lauson Hen	San Jose	12	100
Download CSV
5 rows selected.
Statement 16
UPDATE salesman SET grade=200 WHERE salesman_city='Rome'
1 row(s) updated.
Statement 17
UPDATE salesman SET grade=300 WHERE salesman_name='James Hoog'
0 row(s) updated.
Statement 18
select * from salesman
SALESMAN_ID	SALESMAN_NAME	SALESMAN_CITY	COMMISSION	GRADE
5002	Nail Knite	Paris	13	100
5005	Pit Alex	London	11	100
5006	McLyon	Paris	14	100
5007	Paul Adam	Rome	13	200
5003	Lauson Hen	San Jose	12	100
Download CSV
5 rows selected.
Statement 19
UPDATE salesman SET salesman_name='Pierre' WHERE salesman_name='McLyon'
1 row(s) updated.